hugo_name,hgnc_id,protocol,date_added,notes,behandlings_relevans
SDHB,10681,,2025-03-06,,false
MUTYH,7527,,2025-03-06,,false
SDHC,10682,,2025-03-06,,false
EGLN1,1232,,2025-03-06,,false
FH,3700,,2025-03-06,,false
EPAS1,3374,,2025-03-06,,false
MSH2,7325,,2025-03-06,,false
MSH6,7329,,2025-03-06,,false
TMEM127,26038,,2025-03-06,,false
VHL,12687,,2025-03-06,,false
MLH1,7127,,2025-03-06,,false
ATR,882,,2025-03-06,,false
SDHA,10680,,2025-03-06,,false
MSH3,7326,,2025-03-06,,false
APC,583,,2025-03-06,,false
PMS2,9122,,2025-03-06,,false
MDH2,6971,,2025-03-06,,false
MET,7029,,2025-03-06,,false
ELOC,11617,,2025-03-06,,false
NBN,7652,,2025-03-06,,false
RET,9967,,2025-03-06,,false
BMPR1A,1076,,2025-03-06,,false
PTEN,9588,,2025-03-06,,false
WT1,12796,,2025-03-06,,false
SDHAF2,26034,,2025-03-06,,false
MEN1,7010,,2025-03-06,,false
MRE11,7230,,2025-03-06,,false
ATM,795,,2025-03-06,,false
SDHD,10683,,2025-03-06,,false
POLE,9177,,2025-03-06,,false
BRCA2,1101,,2025-03-06,,false
RB1,9884,,2025-03-06,,false
MAX,6913,,2025-03-06,,false
RAD51B,9822,,2025-03-06,,false
MLH3,7128,,2025-03-06,,false
PALB2,26144,,2025-03-06,,false
FANCA,3582,,2025-03-06,,false
TP53,11998,,2025-03-06,,false
RAD51D,9823,,2025-03-06,,false
CDK12,24224,,2025-03-06,,false
BRCA1,1100,,2025-03-06,,false
RAD51C,9820,,2025-03-06,,false
SMAD4,6770,,2025-03-06,,false
STK11,11389,,2025-03-06,,false
EGLN2,14660,,2025-03-06,,false
CHEK2,16627,,2025-03-06,,false
NF2,7773,,2025-03-06,,false
